web-scraper-order,web-scraper-start-url,name
"1553612485-311","http://www.bounty.com/pregnancy-and-birth/baby-names/baby-name-search/a?Gender=Male&PageNumber=7#ListingTop","Archy"
"1553612481-291","http://www.bounty.com/pregnancy-and-birth/baby-names/baby-name-search/a?Gender=Male&PageNumber=9#ListingTop","Asad"
"1553612492-341","http://www.bounty.com/pregnancy-and-birth/baby-names/baby-name-search/a?Gender=Male&PageNumber=4#ListingTop","Alan"
"1553612488-322","http://www.bounty.com/pregnancy-and-birth/baby-names/baby-name-search/a?Gender=Male&PageNumber=6#ListingTop","Aneurin"
"1553612492-337","http://www.bounty.com/pregnancy-and-birth/baby-names/baby-name-search/a?Gender=Male&PageNumber=4#ListingTop","Ahmet"
"1553612485-314","http://www.bounty.com/pregnancy-and-birth/baby-names/baby-name-search/a?Gender=Male&PageNumber=7#ListingTop","Arham"
"1553612490-333","http://www.bounty.com/pregnancy-and-birth/baby-names/baby-name-search/a?Gender=Male&PageNumber=5#ListingTop","Aman"
"1553612479-284","http://www.bounty.com/pregnancy-and-birth/baby-names/baby-name-search/a?Gender=Male&PageNumber=10#ListingTop","Ayomide"
"1553612499-366","http://www.bounty.com/pregnancy-and-birth/baby-names/baby-name-search/a?Gender=Male&PageNumber=1#ListingTop","Aaron"
"1553612485-313","http://www.bounty.com/pregnancy-and-birth/baby-names/baby-name-search/a?Gender=Male&PageNumber=7#ListingTop","Areeb"
"1553612485-310","http://www.bounty.com/pregnancy-and-birth/baby-names/baby-name-search/a?Gender=Male&PageNumber=7#ListingTop","Archer"
"1553612499-374","http://www.bounty.com/pregnancy-and-birth/baby-names/baby-name-search/a?Gender=Male&PageNumber=1#ListingTop","Aron"
"1553612494-354","http://www.bounty.com/pregnancy-and-birth/baby-names/baby-name-search/a?Gender=Male&PageNumber=3#ListingTop","Adnan"
"1553612483-299","http://www.bounty.com/pregnancy-and-birth/baby-names/baby-name-search/a?Gender=Male&PageNumber=8#ListingTop","Arman"
"1553612499-369","http://www.bounty.com/pregnancy-and-birth/baby-names/baby-name-search/a?Gender=Male&PageNumber=1#ListingTop","Alexis"
"1553612481-293","http://www.bounty.com/pregnancy-and-birth/baby-names/baby-name-search/a?Gender=Male&PageNumber=9#ListingTop","Ashden"
"1553612488-321","http://www.bounty.com/pregnancy-and-birth/baby-names/baby-name-search/a?Gender=Male&PageNumber=6#ListingTop","Anees"
"1553612481-290","http://www.bounty.com/pregnancy-and-birth/baby-names/baby-name-search/a?Gender=Male&PageNumber=9#ListingTop","Asa"
"1553612481-285","http://www.bounty.com/pregnancy-and-birth/baby-names/baby-name-search/a?Gender=Male&PageNumber=9#ListingTop","Arther"
"1553612483-296","http://www.bounty.com/pregnancy-and-birth/baby-names/baby-name-search/a?Gender=Male&PageNumber=8#ListingTop","Arif"
"1553612494-346","http://www.bounty.com/pregnancy-and-birth/baby-names/baby-name-search/a?Gender=Male&PageNumber=3#ListingTop","Abdul"
"1553612492-339","http://www.bounty.com/pregnancy-and-birth/baby-names/baby-name-search/a?Gender=Male&PageNumber=4#ListingTop","Akeem"
"1553612479-283","http://www.bounty.com/pregnancy-and-birth/baby-names/baby-name-search/a?Gender=Male&PageNumber=10#ListingTop","Aydan"
"1553612490-330","http://www.bounty.com/pregnancy-and-birth/baby-names/baby-name-search/a?Gender=Male&PageNumber=5#ListingTop","Alix"
"1553612497-363","http://www.bounty.com/pregnancy-and-birth/baby-names/baby-name-search/a?Gender=Male&PageNumber=2#ListingTop","Aaryan"
"1553612497-357","http://www.bounty.com/pregnancy-and-birth/baby-names/baby-name-search/a?Gender=Male&PageNumber=2#ListingTop","Aadam"
"1553612490-327","http://www.bounty.com/pregnancy-and-birth/baby-names/baby-name-search/a?Gender=Male&PageNumber=5#ListingTop","Alexi"
"1553612488-323","http://www.bounty.com/pregnancy-and-birth/baby-names/baby-name-search/a?Gender=Male&PageNumber=6#ListingTop","Angelo"
"1553612479-277","http://www.bounty.com/pregnancy-and-birth/baby-names/baby-name-search/a?Gender=Male&PageNumber=10#ListingTop","Ashwin"
"1553612479-276","http://www.bounty.com/pregnancy-and-birth/baby-names/baby-name-search/a?Gender=Male&PageNumber=10#ListingTop","Ashley"
"1553612488-320","http://www.bounty.com/pregnancy-and-birth/baby-names/baby-name-search/a?Gender=Male&PageNumber=6#ListingTop","Anas"
"1553612488-318","http://www.bounty.com/pregnancy-and-birth/baby-names/baby-name-search/a?Gender=Male&PageNumber=6#ListingTop","Ammaar"
"1553612479-278","http://www.bounty.com/pregnancy-and-birth/baby-names/baby-name-search/a?Gender=Male&PageNumber=10#ListingTop","Asim"
"1553612499-367","http://www.bounty.com/pregnancy-and-birth/baby-names/baby-name-search/a?Gender=Male&PageNumber=1#ListingTop","Arthur"
"1553612499-365","http://www.bounty.com/pregnancy-and-birth/baby-names/baby-name-search/a?Gender=Male&PageNumber=1#ListingTop","Archie"
"1553612497-355","http://www.bounty.com/pregnancy-and-birth/baby-names/baby-name-search/a?Gender=Male&PageNumber=2#ListingTop","Arran"
"1553612490-328","http://www.bounty.com/pregnancy-and-birth/baby-names/baby-name-search/a?Gender=Male&PageNumber=5#ListingTop","Alfi"
"1553612481-286","http://www.bounty.com/pregnancy-and-birth/baby-names/baby-name-search/a?Gender=Male&PageNumber=9#ListingTop","Artur"
"1553612481-289","http://www.bounty.com/pregnancy-and-birth/baby-names/baby-name-search/a?Gender=Male&PageNumber=9#ListingTop","Aryan"
"1553612490-325","http://www.bounty.com/pregnancy-and-birth/baby-names/baby-name-search/a?Gender=Male&PageNumber=5#ListingTop","Alessandro"
"1553612488-324","http://www.bounty.com/pregnancy-and-birth/baby-names/baby-name-search/a?Gender=Male&PageNumber=6#ListingTop","Anil"
"1553612497-360","http://www.bounty.com/pregnancy-and-birth/baby-names/baby-name-search/a?Gender=Male&PageNumber=2#ListingTop","Aaran"
"1553612481-288","http://www.bounty.com/pregnancy-and-birth/baby-names/baby-name-search/a?Gender=Male&PageNumber=9#ListingTop","Arwen"
"1553612488-316","http://www.bounty.com/pregnancy-and-birth/baby-names/baby-name-search/a?Gender=Male&PageNumber=6#ListingTop","Amir"
"1553612490-334","http://www.bounty.com/pregnancy-and-birth/baby-names/baby-name-search/a?Gender=Male&PageNumber=5#ListingTop","Amandeep"
"1553612490-332","http://www.bounty.com/pregnancy-and-birth/baby-names/baby-name-search/a?Gender=Male&PageNumber=5#ListingTop","Amaan"
"1553612485-312","http://www.bounty.com/pregnancy-and-birth/baby-names/baby-name-search/a?Gender=Male&PageNumber=7#ListingTop","Arda"
"1553612481-287","http://www.bounty.com/pregnancy-and-birth/baby-names/baby-name-search/a?Gender=Male&PageNumber=9#ListingTop","Arun"
"1553612483-303","http://www.bounty.com/pregnancy-and-birth/baby-names/baby-name-search/a?Gender=Male&PageNumber=8#ListingTop","Arron"
"1553612483-300","http://www.bounty.com/pregnancy-and-birth/baby-names/baby-name-search/a?Gender=Male&PageNumber=8#ListingTop","Arnav"
"1553612477-273","http://www.bounty.com/pregnancy-and-birth/baby-names/baby-name-search/a?Gender=Male&PageNumber=11#ListingTop","Ayva"
"1553612492-343","http://www.bounty.com/pregnancy-and-birth/baby-names/baby-name-search/a?Gender=Male&PageNumber=4#ListingTop","Alejandro"
"1553612477-272","http://www.bounty.com/pregnancy-and-birth/baby-names/baby-name-search/a?Gender=Male&PageNumber=11#ListingTop","Ayub"
"1553612492-340","http://www.bounty.com/pregnancy-and-birth/baby-names/baby-name-search/a?Gender=Male&PageNumber=4#ListingTop","Alae"
"1553612499-371","http://www.bounty.com/pregnancy-and-birth/baby-names/baby-name-search/a?Gender=Male&PageNumber=1#ListingTop","Albert"
"1553612481-292","http://www.bounty.com/pregnancy-and-birth/baby-names/baby-name-search/a?Gender=Male&PageNumber=9#ListingTop","Ash"
"1553612485-307","http://www.bounty.com/pregnancy-and-birth/baby-names/baby-name-search/a?Gender=Male&PageNumber=7#ListingTop","Aodhan"
"1553612494-350","http://www.bounty.com/pregnancy-and-birth/baby-names/baby-name-search/a?Gender=Male&PageNumber=3#ListingTop","Ace"
"1553612494-348","http://www.bounty.com/pregnancy-and-birth/baby-names/baby-name-search/a?Gender=Male&PageNumber=3#ListingTop","Abegail"
"1553612492-342","http://www.bounty.com/pregnancy-and-birth/baby-names/baby-name-search/a?Gender=Male&PageNumber=4#ListingTop","Alden"
"1553612492-338","http://www.bounty.com/pregnancy-and-birth/baby-names/baby-name-search/a?Gender=Male&PageNumber=4#ListingTop","Ahsan"
"1553612499-373","http://www.bounty.com/pregnancy-and-birth/baby-names/baby-name-search/a?Gender=Male&PageNumber=1#ListingTop","Aled"
"1553612485-306","http://www.bounty.com/pregnancy-and-birth/baby-names/baby-name-search/a?Gender=Male&PageNumber=7#ListingTop","Antonio"
"1553612499-368","http://www.bounty.com/pregnancy-and-birth/baby-names/baby-name-search/a?Gender=Male&PageNumber=1#ListingTop","Aidan"
"1553612485-308","http://www.bounty.com/pregnancy-and-birth/baby-names/baby-name-search/a?Gender=Male&PageNumber=7#ListingTop","Aqeel"
"1553612483-297","http://www.bounty.com/pregnancy-and-birth/baby-names/baby-name-search/a?Gender=Male&PageNumber=8#ListingTop","Arin"
"1553612497-359","http://www.bounty.com/pregnancy-and-birth/baby-names/baby-name-search/a?Gender=Male&PageNumber=2#ListingTop","Aamir"
"1553612488-319","http://www.bounty.com/pregnancy-and-birth/baby-names/baby-name-search/a?Gender=Male&PageNumber=6#ListingTop","Ammar"
"1553612499-372","http://www.bounty.com/pregnancy-and-birth/baby-names/baby-name-search/a?Gender=Male&PageNumber=1#ListingTop","Austin"
"1553612479-279","http://www.bounty.com/pregnancy-and-birth/baby-names/baby-name-search/a?Gender=Male&PageNumber=10#ListingTop","Avery"
"1553612490-331","http://www.bounty.com/pregnancy-and-birth/baby-names/baby-name-search/a?Gender=Male&PageNumber=5#ListingTop","Allister"
"1553612479-282","http://www.bounty.com/pregnancy-and-birth/baby-names/baby-name-search/a?Gender=Male&PageNumber=10#ListingTop","Axel"
"1553612481-294","http://www.bounty.com/pregnancy-and-birth/baby-names/baby-name-search/a?Gender=Male&PageNumber=9#ListingTop","Ashdon"
"1553612497-358","http://www.bounty.com/pregnancy-and-birth/baby-names/baby-name-search/a?Gender=Male&PageNumber=2#ListingTop","Aadil"
"1553612494-351","http://www.bounty.com/pregnancy-and-birth/baby-names/baby-name-search/a?Gender=Male&PageNumber=3#ListingTop","Aden"
"1553612483-301","http://www.bounty.com/pregnancy-and-birth/baby-names/baby-name-search/a?Gender=Male&PageNumber=8#ListingTop","Arnie"
"1553612479-281","http://www.bounty.com/pregnancy-and-birth/baby-names/baby-name-search/a?Gender=Male&PageNumber=10#ListingTop","Awais"
"1553612497-362","http://www.bounty.com/pregnancy-and-birth/baby-names/baby-name-search/a?Gender=Male&PageNumber=2#ListingTop","Aarron"
"1553612497-364","http://www.bounty.com/pregnancy-and-birth/baby-names/baby-name-search/a?Gender=Male&PageNumber=2#ListingTop","Aayan"
"1553612492-344","http://www.bounty.com/pregnancy-and-birth/baby-names/baby-name-search/a?Gender=Male&PageNumber=4#ListingTop","Aleksander"
"1553612488-317","http://www.bounty.com/pregnancy-and-birth/baby-names/baby-name-search/a?Gender=Male&PageNumber=6#ListingTop","Amit"
"1553612494-345","http://www.bounty.com/pregnancy-and-birth/baby-names/baby-name-search/a?Gender=Male&PageNumber=3#ListingTop","Abbas"
"1553612492-336","http://www.bounty.com/pregnancy-and-birth/baby-names/baby-name-search/a?Gender=Male&PageNumber=4#ListingTop","Ahmad"
"1553612494-347","http://www.bounty.com/pregnancy-and-birth/baby-names/baby-name-search/a?Gender=Male&PageNumber=3#ListingTop","Abdullah"
"1553612483-302","http://www.bounty.com/pregnancy-and-birth/baby-names/baby-name-search/a?Gender=Male&PageNumber=8#ListingTop","Arnold"
"1553612488-315","http://www.bounty.com/pregnancy-and-birth/baby-names/baby-name-search/a?Gender=Male&PageNumber=6#ListingTop","Amin"
"1553612490-326","http://www.bounty.com/pregnancy-and-birth/baby-names/baby-name-search/a?Gender=Male&PageNumber=5#ListingTop","Alexanda"
"1553612485-309","http://www.bounty.com/pregnancy-and-birth/baby-names/baby-name-search/a?Gender=Male&PageNumber=7#ListingTop","Aran"
"1553612479-280","http://www.bounty.com/pregnancy-and-birth/baby-names/baby-name-search/a?Gender=Male&PageNumber=10#ListingTop","Avia"
"1553612485-305","http://www.bounty.com/pregnancy-and-birth/baby-names/baby-name-search/a?Gender=Male&PageNumber=7#ListingTop","Antoni"
"1553612497-356","http://www.bounty.com/pregnancy-and-birth/baby-names/baby-name-search/a?Gender=Male&PageNumber=2#ListingTop","Aston"
"1553612492-335","http://www.bounty.com/pregnancy-and-birth/baby-names/baby-name-search/a?Gender=Male&PageNumber=4#ListingTop","adonis"
"1553612477-274","http://www.bounty.com/pregnancy-and-birth/baby-names/baby-name-search/a?Gender=Male&PageNumber=11#ListingTop","Azaan"
"1553612494-352","http://www.bounty.com/pregnancy-and-birth/baby-names/baby-name-search/a?Gender=Male&PageNumber=3#ListingTop","Adil"
"1553612483-298","http://www.bounty.com/pregnancy-and-birth/baby-names/baby-name-search/a?Gender=Male&PageNumber=8#ListingTop","Armaan"
"1553612499-370","http://www.bounty.com/pregnancy-and-birth/baby-names/baby-name-search/a?Gender=Male&PageNumber=1#ListingTop","Ashton"
"1553612497-361","http://www.bounty.com/pregnancy-and-birth/baby-names/baby-name-search/a?Gender=Male&PageNumber=2#ListingTop","Aarav"
"1553612479-275","http://www.bounty.com/pregnancy-and-birth/baby-names/baby-name-search/a?Gender=Male&PageNumber=10#ListingTop","Asher"
"1553612490-329","http://www.bounty.com/pregnancy-and-birth/baby-names/baby-name-search/a?Gender=Male&PageNumber=5#ListingTop","Alishba"
"1553612494-353","http://www.bounty.com/pregnancy-and-birth/baby-names/baby-name-search/a?Gender=Male&PageNumber=3#ListingTop","Aditya"
"1553612494-349","http://www.bounty.com/pregnancy-and-birth/baby-names/baby-name-search/a?Gender=Male&PageNumber=3#ListingTop","Abid"
"1553612483-295","http://www.bounty.com/pregnancy-and-birth/baby-names/baby-name-search/a?Gender=Male&PageNumber=8#ListingTop","Aria"
"1553612483-304","http://www.bounty.com/pregnancy-and-birth/baby-names/baby-name-search/a?Gender=Male&PageNumber=8#ListingTop","artem"
